heart_rate,blood_pressure_systolic,blood_pressure_diastolic,oxygen_level
78.82026172983832,125.55962679709798,72.33539473284937,99.59327361595003
72.00078604183612,128.9247388733153,71.44014917952889,98.56872239912047
74.8936899205287,115.7768517587473,80.23067529477842,97.8855129544108
81.20446599600729,121.04714029433285,75.2081275988672,98.2516302488199
79.33778995074984,102.95745590827379,79.59594193528129,96.7891443620564
65.11361060061795,122.01479946704433,76.48070482004776,97.6062662883056
74.75044208762795,125.4077358530039,76.14607849646717,98.08525257457039
69.2432139585115,101.8192236961643,77.59577329563635,98.09942198670853
69.48390574103222,119.50675929852427,83.51792777321694,96.46938375560138
72.05299250969186,122.39033601246764,84.64572573884345,98.32762317923478
70.72021785580439,109.99669651046295,81.8558627632452,98.27919649251422
77.27136753481487,136.7398570701071,75.0508872522644,97.62294879372722
73.80518862573497,121.61559267238168,83.2181563772667,98.29547182464552
70.60837508246414,135.6340474502893,83.44448333303966,96.516508446632
72.21931616372713,112.09476978166923,81.37323601806223,96.52020438467565
71.66837163687133,110.92699878474673,76.98189781990455,95.99357921642083
77.47039536578804,122.24252220965681,83.5442978768357,86.6179479975274
68.97420868117099,103.21311637171343,82.11409287338331,97.9884444797757
71.56533850825451,122.14965590626093,64.41571704200437,98.83949067231761
65.72952130349138,120.97219232002918,83.22226016705521,97.82607006969485
57.23505092082961,130.156652815421,70.43128664569247,95.1893319451708
73.2680929772018,127.01041341165097,83.31780788295691,97.8493463619791
74.32218099429753,115.82522650114966,79.22963800787582,97.51895597800596
66.2891748979678,109.02503345229755,85.96805840374599,97.76530564567707
81.34877311993804,137.12305221343297,79.50919394397035,98.89973081257155
62.728171627006176,112.0788497943485,75.56692869971944,96.42146981405888
70.22879258650723,109.54475442930534,79.26323167708578,98.24395662390799
69.06408074987083,109.15143940538555,85.29903147466888,99.57030391191124
77.6638960717923,131.17305315536663,80.13123308930794,97.37405688503154
77.34679384950142,114.81099795575147,79.42832420063812,98.47232788618574
70.77473712848459,112.46295533819399,83.71776757754168,98.9663057789708
71.89081259801087,121.37689825903347,81.05179683314907,98.21023143910209
65.56107126184943,117.9305528944271,79.97036297083385,97.31490301966858
60.09601765888036,113.21904539213753,86.83030034201666,97.290478989292
68.26043925336924,127.53991466978479,87.77557016029535,98.74380015376599
70.7817448455199,130.65315492097994,83.0666311316435,98.59214909078173
82.029936970184,129.85317508939866,78.57020424257414,97.21353158492877
76.01189924392206,127.66919669661199,87.48455496760414,96.82352684563892
68.06336591296024,124.02625531130035,85.91559778665854,96.719193285851
68.48848624712332,102.24112000038171,83.59448582764146,99.66165186118477
64.75723517466454,136.69250806376968,73.9196170962707,97.9320548796095
62.89991031410513,123.01989210357553,80.7033595165398,100.36022858565342
61.46864904687494,126.08156427600642,76.28163912649563,98.55554560307054
79.75387697615895,131.14962322947403,79.20493874222821,98.4395223228338
67.45173909124173,134.3335250288199,81.2002846464836,98.30627248830518
67.80962849194407,124.18398011309192,80.50079704045312,98.99914985019737
63.73602319975037,124.35546159295653,77.62412447085376,95.60608828398522
73.88745177915955,114.0077572254028,86.36476874459956,100.16001310837073
61.93051076221025,120.3308975113876,71.51934366584229,97.89969829738817
68.93629859893015,111.45838739185646,83.65091765564807,97.29659990780719
65.52266719403163,112.80059467858105,70.71258364202731,98.30256100228841
71.93451248929631,111.06425597685809,81.91299068361731,99.0923388760308
67.44597431215564,118.43976109002713,75.56547836858063,96.99244512421703
64.09683907938793,130.4909318792001,58.647082183597405,98.56686937244108
69.85908885830672,151.7097477329018,80.43226262003796,97.28355584241352
72.14165935265208,121.89499637547914,81.23853189233412,97.4937264668255
70.33258611191584,106.5158691224388,77.5804869875965,87.56424331341405
71.5123594886989,132.64983329856256,76.72714932501208,98.76354146648592
66.82838953159518,116.99216123523973,81.03608696705477,96.89092726820562
68.18629417006431,113.39391406023007,82.91784963454651,98.1926161100346
66.63769776112025,122.09849477923055,94.6454812088193,98.59879476577638
68.2022341922973,107.59375400443773,81.11429161551743,97.15278982204147
65.93426858977773,122.22463164008607,84.88018762684463,96.78647639724552
61.36858698834162,119.11624476800846,72.2153303374537,96.797111675484
70.88713071126877,120.98377906815476,73.35054069332969,96.3662039823472
74.41558965982526,123.81416254209171,78.22252612695775,98.89616719374926
61.84900826516978,120.67492257240806,74.01286152180717,97.75834683736878
72.31391127762888,120.16338084112893,87.43199626733193,98.15865193006624
65.46350817808379,122.84314518997945,77.94890653609836,99.1781893644816
70.2597269789807,124.15400626171127,86.91090944196569,96.77988284306845
73.64545281088769,109.68517539684743,87.43391237042816,97.05845432468429
70.64491455378705,105.70008741314551,80.21389859941783,98.25471553669378
75.6970034227165,119.38361947827785,82.5089987690382,96.17592044791964
92.17867151654912,105.67264510065891,79.71950263329549,97.42129148700313
72.01170820588774,120.87531470921671,82.6921850017727,97.07510692689954
66.57594954529843,129.3874687568231,82.41670925890286,98.32952244216953
65.64601425409059,126.07111671916046,79.38175187053984,97.57418413363614
67.10575167617792,109.51829593174527,82.5248499073142,100.00814927937697
68.44223733936313,111.39737548042481,88.61848137833631,98.93789137206939
70.28082671114873,123.28301295000756,83.56508114855468,97.14676151572469
40.85984508458146,115.9870219486649,81.62899806820313,97.61268656254315
74.50413243477094,116.83344704947893,80.62384760521606,97.65241548708455
72.3283121986523,125.96906481247954,74.93663438115705,101.30657434911056
85.99730425413745,110.12713306542348,74.86351561462268,96.48980035602186
77.441260968978,115.98765290088818,81.61678265740129,98.20353970040462
79.47944588015292,111.99917523915398,73.15304437976421,95.91556786463848
75.89389785579826,109.56870501964644,76.16836200518209,97.99306255879408
69.10037582093824,111.42921811328836,86.40755670182067,99.90989056190901
64.64623689244729,126.77462169346411,89.57114848531407,97.59154456832589
75.27225863465569,120.51820389482421,71.67021961601141,99.10455442147205
67.98411526513411,111.20839371164925,88.13324781150791,98.07684377671747
76.11222535191214,117.68898392407003,78.94280854577222,97.57750128317457
71.0413748903843,103.61192692877822,79.92497456484318,97.74834364105361
74.88319518241856,156.39964717650025,79.43294184678633,97.41309735482
71.781831985872,141.49574534867287,85.40272063512744,97.37394172811018
73.53286584095974,119.09756150334249,71.96161710478411,96.6698055876755
110.4065423864089,127.31658927030392,82.28081805677567,99.50680072894944
78.92935246952918,119.34511624855517,75.27564901305995,97.60692360420656
70.6345604635181,123.4816923524181,82.85394264690787,98.29377431076576
72.00994681722351,126.63258089679174,87.71398169146526,97.12346814856022
79.41575348528127,160.30603877116133,79.9979133679369,99.11699055941536
63.26120469428777,119.69063742726041,81.870775429854,97.72644422209217
63.647575007571334,135.78865194416488,82.04775889118845,97.9089673321422
74.84698354079006,112.0449944994671,76.00203250164755,96.17102336470406
64.1343829744292,114.3356014626778,87.5581967494216,98.39597621113961
79.71810592824646,116.92308722632998,88.53234123630494,99.81150570482025
67.93190509620126,122.69024073176247,83.50891686058515,87.55984329890514
66.26272594279621,125.24917863645882,80.36642716003823,97.54177084629752
79.61471013240192,132.67411654818656,77.69053092322858,96.86167604178499
77.40257395717212,124.9949823346866,76.86754888425456,98.12916217424038
79.33779480213285,119.37946874201666,110.41787551577809,98.06402419790683
74.53022329137693,132.59167129610813,87.07207521364512,98.70508110149447
65.69387157472649,127.04111022141582,79.68169255605225,98.55147354680092
79.55032476549516,105.04320483742984,72.10034735164439,97.1874839538144
68.6599831452431,145.26368240355998,65.83994065045506,98.22494804906438
74.01228197898197,137.69921388196735,74.5828666986786,97.67169889327752
74.73625983886873,118.31785777232926,79.3468980200244,96.90896702262329
69.22494953454583,123.77910101738475,87.00344517221501,97.87314412703739
101.5597150642481,133.24358749995838,76.74171895471109,101.80166021496711
74.61103335783264,118.27799207303117,82.5240772817025,100.31517063400594
71.88212765577815,127.3035179037702,86.51590480824217,98.13982659776765
64.50299604707902,131.04578473571476,80.64268158428024,99.73885720801076
71.49119087103028,109.8517409226556,79.2877606560558,97.95461663585372
76.63192948343516,113.97668146417138,73.45618242880695,97.94686166055853
66.52716070134318,129.2140839781058,73.98762345897784,96.05042821237024
69.25182729836165,124.6081447714883,82.08049817207912,97.03989443405571
67.82423224139181,129.23796560313946,78.99546233399536,97.21650073601353
79.24631864239672,118.67431985346282,80.6126565882665,98.10751903166543
73.36147378506217,117.10994789045768,79.76361142151876,98.01398453485928
72.03730918120556,100.01360524416627,83.32072024679326,97.42105764860813
66.15041962777342,108.53999573492557,76.07656294285277,97.41118680046615
72.69624595645908,120.47066094658494,78.32209678208416,97.83384686439204
66.62833669671312,128.24557219564235,89.48091114316571,96.61858834931772
70.15915279137175,125.31178366535696,76.00106930807115,97.38736143963143
66.82076960810559,118.71758025972298,78.59212284599948,97.6187101301917
73.3821664747325,117.28228433509304,118.13838073803608,96.75105106692712
72.88295408307471,122.1717963263828,82.22390681203625,97.66976210673546
68.95850622211003,120.78211181092152,85.11196161221035,97.1651928364655
71.98003356330823,134.04545514939713,77.50894190706946,99.23538239200948
64.53469245634747,121.4644077047825,77.84292829447658,88.59141091057491
62.54371203647197,105.18754037802702,78.60509197348485,97.81045433174343
72.19695850632269,107.27441864967683,82.6491689173748,98.42802810702136
70.83336747686265,135.1875933696358,76.30302348744902,98.55696831684062
73.17515718446053,108.2883953854992,78.1202001701437,96.26375819569985
81.91572387431971,127.64497453033533,68.13903064243492,97.62321589089247
74.72239743495207,117.31627264790619,73.09127495252507,97.09096767374791
65.4358888727792,118.30241706097515,79.43778121990356,97.85482975580678
93.68937547839992,118.6586721723158,84.4893208660156,97.46366747880109
63.420462947442395,132.21384959459198,81.47537891650931,98.1570694628578
67.69207697592645,118.07158171456035,74.50615771666351,91.30607731027176
69.65879197337685,119.66680717154847,72.99871895936029,97.43223275847981
78.56671360824683,104.69196502600508,80.87340046449084,97.40884033107764
66.2762258897578,122.06690511708004,71.73598178873578,99.0825913704709
65.86780730670493,125.31042506978059,85.32963409358445,91.12640950844471
69.50773737787284,122.39145580653788,80.31948095825089,98.36888870758567
66.68260856818947,133.97896261086734,71.96339920382971,97.71368171918998
75.63317961053254,120.55171354780232,75.17023070579066,97.61528214790644
64.60034245818288,122.98977456119017,76.37844340384439,98.56100288849764
64.26265673794448,136.48504010268178,76.13403744888281,98.77743393379379
67.81089977627784,104.49985810641851,72.55033495889253,98.01514678562884
67.50983774653848,115.44174652200631,75.62668739005578,99.1416479454761
79.64766026908492,134.26158752019268,76.57799221929787,99.27415502751518
74.7471040346288,129.36129148311082,76.4435712219478,96.33530196061109
70.43775620692595,126.7838009884047,85.6397831246669,98.43037888478305
63.87282240584916,128.32650739464478,80.52413901413607,97.95739807150896
74.22181488200773,123.27066209121023,75.03371391281223,98.38828881396824
64.99892326305218,136.31597427532273,78.32689197022938,99.11597652802675
62.27614451611194,123.77759169730717,75.60221451344307,97.07946183690856
75.94014896176151,122.39867105895279,78.49996670494122,96.37972589757744
71.58471305962425,121.58958674125643,84.37754576570691,99.10619147285105
74.6042941189041,162.46486627016122,70.76162068039645,97.00151535506959
71.59363826471511,108.42982719184133,51.22370367198733,97.31378048607897
74.28415305951346,127.70673054463343,81.8796371288374,98.20462089341964
66.74487203349926,118.69560266216672,75.43202745011446,97.31389817883864
64.82878579107768,138.21915097860406,84.04870365407224,96.4077893716844
53.86127134090843,115.04460929140373,85.39965608571268,98.03418976741573
65.98295167913079,124.20918284175657,85.47083495721972,97.21851534103814
66.55225111124899,122.46602186261335,74.52879523482454,98.59785987787026
67.72233748241328,130.6554039228031,79.26181292742581,97.49392344392135
70.08739579512529,129.92136828518505,85.65905978414226,97.31155386127921
68.23003044373257,139.0506364056002,71.57635520563029,97.78999946088979
63.125243532909906,119.85222780340155,77.5029161948898,99.05215347683867
66.78190798583555,116.99521214414578,72.86531157286504,98.90790408163768
58.88298423887787,116.44971268944626,75.33714885051494,96.90677381754028
73.12615725513594,101.07638106682658,74.93771423628097,100.79970764908691
61.98971172196626,118.22186856296987,86.25284916271717,97.67422367541498
64.47808330285775,122.50998116008324,78.82730982545625,96.8475842710405
70.26082539630487,130.54757925180283,75.68322209329109,98.88823199004878
66.30218501804343,129.60047741149927,74.82197134307752,97.63832754264565
77.71507297703369,115.83500917563308,80.70833582435765,100.15371950783965
63.53571545138276,117.23177005226111,79.94432186329666,98.84740835548153
71.33525434674591,131.2390530561444,86.72037187336713,97.80128015369124
69.80358590886252,118.2653610292712,52.89024077172982,99.5753068777322
64.15953251129402,114.89970460244383,72.84101110967481,98.84911521147045
72.61638330265878,133.92518449434272,76.85509646204366,96.77110480306511
69.14226834388876,130.37585667050635,85.35036256035488,98.8883941095724
73.85895275606833,120.18791791774258,76.89458651149312,97.48351255805154
74.11752076981865,114.06222552221332,88.67286087461855,97.91667371475333
80.81617974640345,99.88119680755291,74.50855284337626,98.13105444921746
76.68263974718197,125.89703605574724,82.86306676520395,97.12090398773374
68.15409081028778,111.0363027744782,75.69392223300679,96.6666577211093
68.80310411212037,100.37267990859249,77.45202433526822,98.3677840109203
75.49829797943556,121.90794030591817,85.49290824115573,96.61176650133014
73.27631865361299,126.47967791009889,79.36466418580741,95.42479737323073
73.20065763048797,108.60991806883035,84.06726122557053,97.16389439562857
61.91521977844583,107.8559861704074,82.366452974574,98.33109242148839
69.87836937800532,128.7096178217162,83.76932841781151,97.73011886643003
66.30984545397156,111.2202938346413,75.55905894457243,99.26713094062008
71.39962299521619,132.96149867527885,78.89212800898,98.18375349543169
69.5092480517852,126.16459312626155,82.12126309050436,97.23369034805292
74.55089454046296,125.36596520566823,75.7546356365317,94.48181221415109
71.58609107595652,124.046954556143,88.14750021616165,96.56345864073081
92.5959750426999,121.91450872023911,52.46064464056384,99.08579722470593
67.66790451632029,128.8051119917711,78.49998211531103,96.61889991391705
65.27776872040874,115.45919637484394,74.96720467602881,97.07959236788074
67.94975153398725,120.85951973434385,69.28345967380656,97.83971377957137
69.9148979306928,127.51946587677196,88.98459261287464,98.00235326449082
71.8957586777754,125.62989718586128,78.97830531548476,96.49734963649021
81.29654475345426,108.05013194731339,77.7604258079223,97.09446420478051
69.78871424169678,114.99590332695736,79.006424691646,98.26504060223932
65.22027499753611,122.52803505419155,87.09931986098218,99.129723358997
68.27009112150307,115.91985290960103,75.17446695967791,98.34900356209018
67.68202012676953,137.74658560973333,83.39783932882541,97.97419023840915
72.40740736886731,116.06846805245887,77.88105875725262,96.43759126612987
62.29601492777687,93.09881572171328,77.01664572230845,97.38265765344791
70.31630997100166,127.69430178177304,82.83529106260092,98.52149424131106
70.78253268982688,123.30532743234916,50.26265338369719,99.08094666985488
71.16090518100138,118.54725542795231,77.43048524860042,96.65146252382867
67.01341965517318,112.43506471119252,76.15575420162595,98.1380716444456
68.81039135131996,94.15233177612829,74.15452126338987,99.20460046664918
62.879695455087344,130.39096440378393,85.51751883364187,100.88146071316396
67.53340058318904,124.79095224098228,77.1237200259694,97.40613808461731
67.28569261991642,112.21816478543877,70.75434636362274,97.23688420465497
72.08025023130713,137.3677495697671,87.04976069198074,99.51848292577972
64.21908784089044,105.53422109964106,73.15070249023529,98.23546452538542
73.90599050854996,104.17314358197211,83.89730265629531,98.11230768842726
77.47242272245684,129.60557224457227,80.91714323333763,98.39237432765913
59.650074874932336,122.2584047860269,81.43957716107639,97.34551349481504
72.13129365389051,114.50501453695959,77.07812362344339,96.96520471524941
73.38454017515123,109.0142927244467,81.82795730112318,97.22285249045169
66.81281487223886,143.20799839280298,71.66110053557881,99.24594625683102
68.01364092835601,121.17090872155443,82.94018874369907,96.56335933531543
69.33559711206522,125.34201170845772,87.7850502076608,98.49865464564854
68.51104560299136,123.17885097238181,84.42013598713163,97.4423125399745
68.45493515476439,124.34807957731158,69.90229957306639,97.64663311128466
61.61998096835012,125.40094460524806,75.07895498863576,98.74295097660833
75.7616578239156,127.32424009754877,79.06102539012596,98.84398891335789
75.3980929601841,116.24777599239327,82.43468652469966,98.34297653786693
65.93317870397898,117.08358013648156,79.46673663169888,96.12688033763399
62.66787836098743,102.58977191641098,77.53392806444751,99.57096470867579
72.60532438226379,112.1969559349846,82.97650153846146,99.31019651719956
67.12106015093467,122.71112796446715,85.82075883112483,98.09143683319115
70.7097658166039,130.45023375502691,78.838529964067,98.01025781695941
68.40335791427452,125.99039526376184,83.6446493369262,99.80144920862016
73.45769375535093,116.5930765612207,67.10474627405263,98.94722427129373
73.47374571828003,107.36827087914845,75.31245306945635,97.97070559642508
66.37201310768208,92.22640854572566,78.39370531470995,97.70766132414886
63.083180223024726,131.517339747808,77.55716889622687,97.80646288898897
62.08530801332459,114.1077101348985,81.66399108702227,99.17723205439717
73.05189689553603,115.51534993795941,85.06875273749131,99.03999178470669
64.05570371107986,121.31573967908069,82.53334513014194,92.61334748279448
67.46591822850657,105.9443995260811,76.88887264122472,98.46464239886606
67.01842980774745,116.50217819888464,72.38615954747907,98.8641213313776
69.73716351865227,140.23471949769973,82.78482060289444,96.49353683402828
57.71847966081002,125.05386938577342,70.80911630164994,97.99703524856167
70.94389298396915,123.59249156513457,83.26518641703214,96.22295639362348
47.17868527656789,104.17505522018241,79.05775458934966,98.12949283594139
70.44211043522331,142.4360189458264,74.12082506030886,95.91676549808705
68.44556914150765,105.77205091373658,81.43628656233396,97.31825447629208
70.48700083134392,139.223247554444,79.98561948670499,97.38893408550487
71.99523172820065,98.84943984812193,79.81701353541877,97.2911501798574
91.3994177366568,134.0536543872442,79.57888351736302,99.45152801697456
79.77956154125347,136.18054269000226,82.09762054213071,98.5355105697391
71.95046661343963,111.75590878672165,84.62217010979255,97.6004311396766
66.7379570880649,124.22580372272883,82.48307599241926,97.0669221591059
45.39798459229053,125.47480572104665,85.06066594911155,97.76122368315477
72.46870888674594,111.86205516768695,79.77930140576098,96.97088703170068
69.41948030482817,105.5088238926307,88.09229662115987,98.97308000414967
59.846577661092525,106.82282656859235,82.85554911064911,99.99676600154778
80.3224643067966,125.41008219959808,77.28152985158611,99.05319989808211
69.44729671383763,122.01068080806716,74.53052471632797,98.33169034554516
75.100863558579,114.3569896669784,81.0289840186704,97.83437121670686
66.53975076107804,129.6676801116646,73.467392385387,97.59489371053854
77.68188527122899,125.08067909391478,75.13312016221626,99.7452845726876
71.4317184444614,112.44537273634367,81.195435401868,97.42406439247847
73.04421917237725,107.9879848098261,76.96056276859022,99.56109855689574
64.77373316926523,125.23261738688078,75.3334187988654,96.86846075797985
76.05572644841351,114.62416631441938,79.82762476955801,97.70376834560179
73.44909082267394,120.99204862531502,80.36338949551894,96.28594340727922
76.50923114782499,135.76298972627717,78.97082987390631,98.15923420122829
66.8595622017921,115.09529581802964,80.4186441077954,96.7362723781238
67.59486440769606,111.37733000246763,84.27321364356224,98.50507514058444
81.51958348841971,121.60661189819773,81.71213675643413,98.41227227166107
64.69992088639226,110.47355047184612,78.88286943902652,98.53739674687682
69.32025149660839,136.08522155948725,92.32160966757682,98.28267844916476
75.68445681301347,114.38421250396779,119.15227057019985,96.90745918560886
70.48862483857428,122.07270746973619,85.66002566838665,98.12411828773382
72.91476839876647,123.07732574679432,77.19509498434121,99.83708068786774
68.00275485368563,121.59250468373702,73.18529526395996,98.00855492600631
91.61529207087109,100.41451044863462,76.04121742178268,96.98298379837519
63.46736574132342,105.53578936016672,78.65995108300945,96.14765734330496
78.29065339809094,115.47649724430909,77.51695895135242,89.9799991774844
69.40917977435716,123.19431833331531,86.68193091161396,96.23777110245912
113.835563950581,118.6222078571423,79.39979438951946,98.8305173690426
73.33191541015957,110.42852526848984,82.3073443872057,98.78116726618225
67.69640106305724,106.515756808783,115.16057973141866,97.12431817277945
63.32870764298623,115.98442455500657,77.83222833633417,96.35468123715543
95.8109416486744,115.31523955320277,80.18998006726757,97.42354534704302
73.46886576345067,125.12836457592756,88.57025734885366,97.95438571722514
69.20213280926866,116.73681537841682,76.16025704131593,98.37195555156498
69.33149220165781,126.0270765642933,83.83495225279776,97.55603999096051
64.21169357994489,114.05350230279595,74.86996374187109,98.41820334865312
64.36587095621628,116.9681673795822,77.7018677886528,96.31427194953245
66.34661123567588,116.51953620357381,80.01791602977292,98.11747498798798
68.07560095409362,112.1763303309791,65.27072294420148,97.96504797761227
70.47175794658537,126.2511865643373,87.41564313986908,95.95360686375189
69.7891427435471,111.86404002905493,79.74958679267732,96.1903098072685
68.56556403805047,114.78358490029382,75.78192196732037,96.14047639437307
69.69186798952177,119.26880354051802,83.25020986525385,98.41430683392394
69.46347361854413,107.0262034404326,78.17915095542122,98.12395962687167
66.40197805724104,116.75065041679501,81.19340785465917,98.27395757717404
65.93503505722961,112.88693640257212,79.41888780231125,96.67362150749184
71.3725817886197,116.1184580751775,70.28271574356589,99.13897381066627
65.54542458502236,119.4007199732891,82.54149592796986,98.98284121981739
64.21322370404573,112.00086376859335,82.9168400341065,97.23303696497668
68.43853874437153,117.79924220179645,84.63302384154302,99.1760602764538
69.21166491918092,133.0866875235218,89.00231381230114,95.26409567731355
81.28361748649104,119.74201441745512,74.02448113268262,96.22379497598997
66.47649862071883,131.45262173019225,82.5825372214088,96.36730523384911
74.71630362484747,123.46494442006761,82.04647498320477,98.733723487855
73.73594167102316,173.44353938825913,77.9045900359609,97.89595118933102
64.05527522398133,112.25541031229174,81.98553118224889,98.88122494645393
73.866264887013,121.04907165085513,82.49823477555984,97.91162687526759
64.08059679903342,121.33912922615475,73.90658085011401,88.3605159548801
56.704138810016296,113.87374261125065,81.23111380638215,100.12352642298018
73.0315976217969,111.77171675705718,75.41007846997692,99.3968490876314
61.22054708281141,105.09734612092701,76.74071750034705,97.56717273138959
72.25467230902957,134.9613963695163,71.12627592405676,98.37496872470312
66.57994551131392,110.27597110647503,77.6331953724876,98.49444544306179
67.64088777312702,133.462210732223,78.98214664263261,98.7613911674961
75.34254699658004,115.32506826342147,82.74928433648195,98.07100880518803
67.73307098074307,111.37506700275266,80.00449963335554,97.50646814950497
66.56081194485658,126.22519140304998,72.28855924600161,97.9963771827635
63.9296129845294,113.68808058253143,84.31074028442134,97.51971289052162
67.79538683853704,125.68458918924277,79.40706688224954,99.6833672812398
68.59822252407746,116.6718823514779,82.44185295214828,99.24072623883532
68.17653227804158,124.80424496117787,84.8296805922985,97.79638498112061
70.78351927636182,110.31813936092895,87.11302374484518,98.42829226069381
72.89260748864439,128.31351057984767,89.80613494682508,97.8345407357643
71.74827228496586,124.87972682663005,79.63880620664166,99.19324113596821
66.17928038046779,110.80349309937338,81.55562223046827,99.048880516418
62.811042630992105,146.42935721014743,74.6081945459161,91.0713656182256
76.82265924051235,125.40123026400494,85.3080008501763,98.87126426961453
66.55275407725031,142.9046707053054,74.07556277714116,98.66057080804158
66.73853200032491,136.0026781874876,70.9737415568479,99.1740618538083
67.39405343849444,118.11165219782217,84.15193002670196,98.5311313733292
60.784652249216755,115.87728245395456,77.39151737526092,98.15190052911453
67.61012997979756,115.96540816579198,83.88803640671121,97.42277437640077
67.60172092996027,101.6997144957219,82.04037324673084,96.42824926250682
73.10179149171756,113.04164880650453,71.84998674488146,97.97215161949329
73.49228574553668,122.4676602397997,66.40160317838692,97.25894446659586
70.01885444543134,135.25957560884808,74.5169912645364,98.06000906695712
74.65924187057152,112.27228117021798,80.08245743490433,99.14048842418708
71.6998249190063,128.8205659936301,73.89111832652614,98.17282467544035
82.42262162421392,107.4740665849668,76.73619275325643,97.58499832889038
70.80464084149112,114.13679974788867,72.70529634701337,97.14687137513836
69.046732532093,115.42359405710474,64.32880833214882,96.56986479257607
68.02575242983275,123.71811081497493,80.45412963518163,99.33280533535749
68.66133231553017,124.57309646720812,77.59303687976184,96.22330898107074
64.35994334264997,129.62341744814344,86.98532650656871,97.06521697376894
71.40220852658148,127.70836960404937,87.48857513659782,94.26303014361248
65.0343819453521,122.43168215402491,82.82633601268226,97.68385842425029
74.20815632036818,123.90364943508622,71.00114409266628,97.65771544023941
99.33382976722484,135.88530691097532,74.47654926397195,97.5957055793705
70.24747490825045,114.89073818767737,82.03565165541625,97.9368701000236
72.46918388140479,127.74728319067162,76.85721209877705,97.17873492558225
73.21657232531464,101.91856073501748,77.56454284144088,97.08634435951127
62.146882956832734,124.11334242897608,84.4948369729403,99.81782641326107
68.96548161918014,115.16750457520892,54.06604032057126,97.66593705163663
74.40089456040391,120.0257118243151,86.57077216906974,98.90765862494676
61.50947090283873,130.40086245053703,77.85395351676762,97.16322895734702
71.93640237697532,121.64643809526397,86.87612710223449,99.61272859475208
58.72217885298905,128.85187541208927,77.22934376457758,99.5141821310078
64.88746578182199,134.73764815138404,81.66683211816209,98.23101868221728
70.19315275920094,123.8909396886572,80.5291732180839,96.90046840703052
61.71642448839023,131.71041064620488,75.69745126445196,98.08700138572766
65.07244631157924,116.73439022320792,71.84390246173234,98.04730450004105
62.64082496268207,119.91790117730386,78.49263842569154,98.23962391408949
78.2406746610378,114.77380583601521,78.71883651002281,97.02177938380034
70.82113877743667,130.42977594646376,84.28830955061225,96.47699986382071
72.83645138926335,124.14091353793594,79.44704748595896,98.16236303738204
68.88662449742422,114.92765538105077,77.83784010710778,97.98970868366628
68.232841256214,121.54668833646332,85.38518736473767,98.00207502191937
61.917629056744836,130.4156838881858,78.87586719364924,99.02680057885097
68.54081318626069,119.60732008962047,77.11879091886549,96.52483951696864
66.19253894094189,110.51067189150237,82.87304458646287,99.0106937159878
74.28961962146168,121.31911755787412,77.55085890576366,97.25677245998268
75.70550933328786,100.1943440893106,83.29401070845756,97.60477793414994
77.33289357787089,127.68770644399476,77.01541444108403,97.17422063674873
74.26275969730617,115.7867241267532,78.8852040851481,98.08961985783925
67.00673031538507,115.30689263720893,80.76088487794134,96.09418212520008
64.42051507019802,128.75695678779508,78.12936839867847,97.4319142797128
73.83331590822543,106.34837122774832,79.93274265321305,97.48424345471464
71.78146408736144,139.4709864282036,84.0773598462003,99.2639302023632
61.15730774661485,115.19757958261776,82.05300895660024,98.15069814378722
71.77740896371884,114.76749056615105,82.40484925017311,98.6955183114963
74.07259911243933,130.21224743167164,76.82284780690367,98.0059388143865
70.29462794590815,127.08695273110426,84.26414884137183,96.95109962853729
69.07473164495329,144.51229719075076,83.34781170254541,98.90720486818324
65.96175756191822,117.8879401636848,85.02209596130812,97.15455865793243
62.76732650218306,118.7959336133559,76.36817083906949,97.47375665922725
74.00148974670014,105.20684020036747,79.13770701659271,98.18209977880957
68.45442777614146,116.67897722651175,84.07522315434349,98.94553878944711
68.83266669228153,112.78568704428244,76.95592441291434,97.79861545671726
78.66360593459567,115.512329868945,78.86938765118022,99.51052473198328
73.42250553429595,102.55812243446044,89.62902868729763,97.4285215849479
71.85412500640551,136.60607559894515,89.75880506133907,98.66558928695463
70.71030902593618,105.8339651757436,86.1997027491368,98.0036163009507
44.25523248912501,91.97797201608287,84.69292568124884,99.54667183821242
78.59794653708097,108.1157557841698,74.90374425247435,98.21440601326098
74.64752555739764,113.96160447203849,82.56281115713061,96.1226871819439
72.91112295698962,108.50445936742882,78.20441702467058,99.08833520980951
59.52698464396928,130.98303540732513,74.70714051197317,97.91845148665948
70.61860957116754,118.62160821403906,77.4549708070434,97.44693808893162
69.34946522903148,120.25385604406459,80.57832537023174,99.22296476192084
40.06848466528193,126.10391764305413,77.26322212850667,97.6686913639705
74.71523043661259,122.86012526978118,77.2460028714658,98.59998674316235
56.30161416405222,129.78567297446043,83.96020749211488,97.23161668070232
67.15343973264908,108.90522446363855,80.72053242561616,94.9103622099546
71.3495217747038,114.52481899320568,81.1672903983116,99.81058176058362
67.66577226973618,126.65967146069538,80.5593619844815,97.21296726273731
62.9154694343687,94.6544553791577,76.62148428314174,94.73014449226591
74.34481743448397,106.24815520682759,73.14714041019656,96.29167920813232
71.38435952923064,125.00992232179946,81.5528235521024,99.62998224400782
65.14447714777758,115.19750965005075,77.46481683937279,98.3979983232951
71.57408602257912,129.361075501097,69.94608865707062,98.2377796334526
74.10792856024898,128.09180296853162,78.03716371017424,98.97513841057862
70.0264632314968,108.01907119808962,74.53891029329688,96.67066343066573
74.00282401715498,124.06657087466881,83.49325117153877,97.45895321808032
70.39130087580831,132.01697855667507,82.6081261362017,97.90856226875049
68.02385508672823,91.47331394094236,82.48446572419235,96.45152894927153
64.20289741800043,110.22535122754131,76.67479190920655,99.31142712634995
69.57034616514194,128.7938994191337,83.65775790931077,97.98157094980664
70.97146469022886,126.35424526553996,81.59824891567037,97.6767113637445
74.37916380793665,125.42610783498796,77.9507273078009,98.23622548956828
69.42446265756386,127.15938893436991,77.73331283930742,97.2474177156632
72.28707803110495,90.05387139772381,84.4635407643685,98.04511300381297
65.17693993133136,128.80937561080972,77.63197971518171,101.4275385470025
66.08685422086238,138.08131810578976,81.51828236763139,98.6046820302458
69.44805350486556,124.36638474629294,85.16978493406391,99.66831105963432
64.72685768007493,121.92728996499727,89.54671312778554,97.64491687754408
74.1012391866234,126.9643867339144,88.31936562218866,97.24843100986907
72.31565164659304,123.38225473685115,84.50411382104515,98.30970358937167
71.39547882196227,126.51781261700616,72.47044324214306,96.65829505657597
71.69452062607972,120.01471000245411,76.55475785291014,95.69304223455421
80.10521780742398,112.332951454631,77.25956406263732,98.73159250502214
67.65567906016602,109.95677287785387,57.79214614004206,98.64133814497222
58.99279357249721,110.01808271768135,76.50341029513955,98.83385122175306
70.99650098448232,106.26957449049105,81.93083188549184,98.02816987319
69.74698229519167,109.32257988980894,80.50433531628656,99.97837269987966
67.41240478744798,90.13221055281332,75.32436395281228,97.91267181294239
65.10585070320614,127.54095663656243,81.90912004809692,97.44603525920942
67.80405239098926,96.37055069874488,81.99148043098747,94.99350128499267
70.9066921460891,116.09607306014492,73.72112559129249,97.95283413234675
67.48591649678731,121.12557530906454,86.11438723526705,98.83187778505967
82.06226839771874,113.44454970515642,69.56744985572406,98.0068611985395
65.19747809183426,120.67516857174324,77.0462142354502,99.12422173444676
66.03441318646165,127.77604137902912,84.85985146932788,100.2948811662554
58.55689979992736,119.64257266451827,51.60980812349434,97.8266497916228
71.25742207510768,123.36015742661992,81.75132959781016,99.23125355959331
59.9179668610012,128.86491539359616,73.51819805862286,96.41414742481997
67.3027268331275,117.27868243981791,79.53487927777888,99.03131910435663
68.62164732719721,122.84790599134364,68.431134434139,98.06349048038678
66.45136017076555,116.90622407116639,75.78714149143497,97.77860950165294
78.69436338727256,119.71471130165584,72.28539276422855,98.32491935689389
74.97197195657749,116.7526973491704,77.9911812893675,97.84369653166135
76.59568438150788,114.71130146443885,77.92384302089171,97.69119709065475
65.5879059072504,121.73711852987023,76.6316791434543,98.19867297014966
75.64297032257284,125.66545315818212,83.98956598283372,97.8257078659336
72.48000473171982,121.46304446001044,75.56560198064281,96.8442075210368
73.85702974338423,124.98726958311931,83.17193336594525,98.41705388899213
75.14719414391384,112.6206821975877,88.1463788497943,97.39213205161053
65.45618377020473,107.9626480780022,80.69532075152341,99.04798661479214
67.87841189511049,124.17043502967604,75.711648977123,87.10433946850742
74.31298005664226,126.87881391174754,73.75330742569228,98.12702395332118
56.72190453512533,120.49857266599822,76.45107449940251,95.95076808675533
77.56664041286602,133.48035780424718,83.52321360374945,96.74331987183187
72.76566032103791,129.076987979879,80.77795367484448,98.93961439350745
69.77148019669883,146.80570840769002,84.68397608126995,97.26618327397382
71.10253827878587,117.99191486004335,83.85165439663606,97.46756234100106
64.85032358345512,110.01151203904632,80.70405325939117,97.72206003273172
68.25028317705447,112.59863209260486,82.36744130833232,98.59701594734503
42.21893960300022,114.34502193625343,89.2762310471024,98.37413799780158
76.49010986163111,99.3370988668708,87.0782811308734,99.31026460338333
83.4811202628179,98.41931436038743,78.48626991547873,97.73225220246881
69.63037666859792,133.18551018090835,84.94839720967946,98.21317626376639
66.70723516597498,117.60703408857655,82.92925402908968,96.79675654462402
67.42883017030006,117.53206442211248,85.6819403876987,99.17803123514337
64.90979062356318,109.20656833975005,83.35808286017955,98.10864820369486
69.61072622029575,118.8577444854982,75.12916282478506,98.04412909879628
71.91366215006134,120.13239767667534,71.9015771731365,98.33831553922566
69.82878859734024,118.78055072399722,82.86313508602542,99.44679207392032
60.794587432844466,123.3905925594243,89.51309099184915,97.78550489351142
68.82892099327732,114.1036795804897,76.12167946030014,99.6630389577549
68.26274673750719,111.04184239589173,79.05955130975175,97.1484774155962
67.09365761569838,125.4832813049798,74.82126136902393,93.66602940839866
61.83682736882753,120.98667453815796,85.8891475235283,100.00921856117488
62.16116137845773,121.97181055197368,68.4741657247824,93.94215005212637
64.10421034681156,130.59027254441966,55.44321446648756,98.24525585344342
76.50714035832381,109.77435608739314,81.87509959910076,98.87750506283643
74.47630136444965,111.44759542749136,79.58828176604324,97.8621003011013
76.87482033196495,132.57219650828995,77.60188492463097,96.49964672383567
63.33894172702749,105.17116642425958,78.49452606738294,96.94404064093105
60.1568765510699,106.90587853668985,64.81174901718839,98.58093258885384
76.36428922631892,128.17861831184996,77.93098005475167,98.89151531998924
70.87909476648014,122.38200192022039,74.51537514133443,98.784555334321
72.49345137454914,121.05232137059276,75.36318535963517,99.14643201386785
75.23986077984026,119.08340591899616,84.44169430998421,98.07198519493602
71.42139835403607,120.31267547027569,77.3762902251889,98.20823317071101
78.71334390327816,119.07887885308044,73.07361208116401,96.48113134084247
68.8869715952584,133.5544270259442,80.51089163471985,98.31732895370234
65.43460390979102,116.01851871249924,82.52497360890005,98.61268078539109
61.59390892252783,118.38626463722221,86.64480373776611,97.41678870518402
65.55514320952275,137.94448805225073,81.08951693560834,98.64400169889491
71.21058980492562,178.3976981481036,76.70144376395164,96.18411115548217
65.55639871323184,142.32016389525177,82.37003933638515,98.75109959779454
74.68371231767628,118.95020298981046,83.63587435010218,98.3002843236208
77.06163853018721,133.67414982460159,79.80547346668097,100.11060853358802
58.15206547386698,103.44655961690322,79.77700303637214,99.41308553686527
74.32026150248824,121.53644460815666,81.30066452469384,99.50698035855854
58.80197970669131,104.15526436849065,79.65071750871908,95.8163882752268
72.00749527545143,128.44454306604587,81.25056953441563,98.64661561391526
76.1243528209683,107.87132183790975,74.89043337786536,96.81836868508707
70.32428053171787,102.82249574788064,74.24781115090745,97.66490869964821
63.6015541339788,117.17804123309566,75.81944310249615,99.82672847066087
67.07284397861113,108.41796814815972,83.21105471664713,96.54383555127691
68.6917727714455,103.80640017102458,81.29398783670304,97.54971816518687
69.08877608105028,114.8895953641989,85.2011948212478,96.58076591918532
68.98551579616667,137.4062944589533,106.63498883909426,99.45095181403212
69.45058610345343,178.59616724055041,74.28179302079076,97.43421867145439
71.06740024455084,101.27672847481449,85.72276767642279,99.5445343659313
63.957131731333895,119.42957132337811,79.90616472230053,97.5862375062807
65.25431918162143,128.76726773690453,86.41727518133263,97.49586791983626
77.59130585177853,101.73088621695481,82.98973245696091,99.27852918898466
68.07677288428741,115.96811693150467,90.94309339411419,98.93883172639377
72.81956180523554,129.49405523793217,78.90113507143319,95.28371969078242
75.3909865185712,118.36745051166821,84.5036195254459,98.4511407898572
57.20407666827952,119.13544717288953,84.45682053176472,98.6001668782523
75.90689300644144,115.69538088114207,77.22436827252776,98.20980693090091
66.84048120997416,131.49379383367125,79.1375884144652,97.34234199617522
70.81964286226294,122.97514353954946,72.69130828891639,96.34167479506253
70.48160677960598,120.44022276175347,72.25601931498667,97.60193851903433
74.71234059610197,126.43054545339292,80.63284400765387,98.21132302760998
68.66202626882327,125.88224929117936,83.96503535348714,97.79760573713894
66.60987109217774,98.90600861321259,83.19012016747728,97.37807184176106
76.48922895325549,135.47031496990846,81.70012299129826,98.16377044630461
58.1791309142941,119.3971246636088,84.31508576575546,98.80243891018439
70.10167090852622,95.38059923530217,77.05151102150337,98.28900589239537
63.2603728868544,113.5704744664711,78.6373362575612,97.44635761006877
66.1921330587172,121.5011522700613,83.6876075670694,98.3362540203704
80.05628340731569,135.87761523745368,82.16559364724466,99.06979239185897
69.77702286772072,113.56742398211262,78.94905593101619,99.5954041685762
70.97534848575691,108.66407174361541,86.60397193063957,99.20755258415943
61.09218572147204,129.96759642819816,73.53999374476436,98.53738019335903
66.35477670602653,118.5123384776632,77.40660656355703,96.99087596878611
70.98278700364392,120.9600420496977,78.58301112771873,96.63444727307913
71.77378846556608,119.54886696306666,84.48434079855815,97.79761878628092
73.08443277196639,120.79121723929535,80.01192598957617,96.59081521844384
70.04313949458788,128.5053068352344,73.69254126604693,97.21521527093937
72.6350210422733,111.60875809400727,82.57002089908032,97.82987769524884
30.801554390276177,123.17550956692418,85.43773157733447,97.51578957826109
60.85129794497735,120.84968137037707,83.69652266566513,97.67208194368958
70.18502860955074,103.93560310550167,98.360504871445,96.67199537270189
73.83951203866351,106.26946463958072,70.62843251629465,98.23146675979321
72.94939910367259,138.6668314833163,75.50056761628258,98.99650805106691
68.18070595014605,127.57468330061404,82.410403043361,97.45186253221082
65.97186746230317,119.89943528130985,79.72555907622805,98.72575534419121
64.40844037839184,132.3800693595844,82.61278800999406,100.66272671371807
69.34472994229294,109.59400769914855,73.66828661518522,97.90818896986555
75.66539939779861,116.84396876614142,79.69252617857556,98.65121000794953
60.24097949259199,126.23453609424382,73.05109490551897,98.19677009008736
66.70054135135251,128.90671681431394,70.23160718690296,98.96962372922404
64.30098772286613,116.01976679373985,81.47889544253444,96.28135012338791
73.9247876062025,94.58761192311775,84.2129439822849,96.94304323205479
67.22845186714349,110.31917882335422,81.22808213950889,98.14346392807138
67.64681170922604,124.77068092356865,79.83501759867667,88.17540462419714
68.91525215031676,116.44048506953193,72.18992829085367,98.13052402586494
72.226966254474,145.40231620759172,85.03053533548774,96.33542674903235
68.03805500925182,129.26558300967096,79.7797755131203,97.17638672354161
54.769284726000365,125.58081880618666,89.79781002602884,97.20529388240278
72.7165594569376,146.11320054942186,84.71157154138483,98.38899194500304
72.19521478836022,119.64703260397084,69.97437286673926,97.23796104015958
68.90229485834394,122.41203964218953,83.77524840127944,97.31919289519922
64.57981689664032,131.27783630127803,73.01732381213421,99.08474757663771
71.75890055340679,128.81131097099632,112.61106013418926,99.3353162767986
71.89617766767793,130.32989194519945,78.74621661619925,97.58672519466396
67.64983558649563,167.460927062282,79.52968774818699,98.42490267234987
68.9163426471223,134.12151698298632,81.98782607808734,90.99258398587156
65.3492174873784,106.1956924769273,74.88572479597893,98.19832705935534
69.10705453956335,114.64085438333838,74.24653997871677,99.18997804979583
62.247853274582596,124.30771134945641,83.00302600866539,98.52678170525735
72.08659410515918,118.50108408266861,79.93374866032987,98.10106084435748
65.27815754587853,109.93963142079609,80.87186524350763,97.61135702652736
71.19051573916155,111.78450174396868,69.0315832415267,97.3532079844086
62.970185418660506,104.51745677150957,79.11431308342338,97.8209175948062
67.0497117706523,125.31974639007191,75.54635408469252,96.44855886176369
69.44755297467036,132.6056884504215,75.39686813491565,99.61045897829824
61.696500940653685,118.99606496598633,84.60967402112288,92.98728374269083
70.57573936570046,115.99651184986577,74.52164385513744,99.02950612579842
68.10426218560039,105.2767707153351,74.53551696836985,97.38019522517266
61.288219010953846,129.13201924252178,78.34494698299127,97.92966037984226
63.48378622943842,142.11304333239494,82.25144415323672,98.79779494226284
73.02560042041084,102.02544195633102,75.57992635125957,99.01144789121895
74.47777992775661,109.36567061845393,86.17072017890031,97.09630906993426
69.34045680110016,113.20406957455856,87.24923762680609,97.02647123982635
72.02380906020248,114.3568209031751,75.59276466765768,100.07822996280828
71.11921781656456,122.27345950143481,78.77459122211572,99.13659285771568
71.6481149106387,136.14249547280227,76.10662263671193,98.70851994082801
76.42992003540147,130.08597286860103,71.57308947564387,97.86135375628263
62.46500800892864,125.27597382774316,81.51505525228079,98.92402033826278
73.38230366180812,112.76071295941398,83.66797434114685,96.72676682416888
68.0899552221109,108.80371766319546,90.05932131563281,99.53176842153503
68.8787053287418,112.03224693693699,75.51295248184331,97.96422777526284
68.48875134772464,135.48066801378738,86.68117545406311,98.79086150215875
68.12426441669358,119.382566985421,94.30389412115699,98.64621777489518
63.869019041084904,115.53163746337378,80.98926654783577,97.86842908873807
70.91669599628801,118.16244269750008,83.01081744788031,97.82463364490253
78.35471516394429,128.24618219638467,84.36636524150352,99.22158314127599
69.71933489775621,106.87150325450209,89.8704997412095,99.02649740458259
69.99307478632453,134.14874135922423,82.38904281308234,96.22776888001958
66.56350481421669,121.56476256946299,79.69931057248158,96.30759426294354
69.41262726790944,117.83656021704275,75.66915600496264,97.05377937964384
72.33083213017015,124.4284611374674,81.52660377506248,97.10645460170029
68.14878779647829,122.18397073129937,85.12082466386535,96.88147412741277
67.73097979474,116.55803543532619,81.22305180664736,98.2721106432623
72.01632270081623,117.47289327958393,76.10038375537499,97.53629555286602
65.40997615090477,124.82706664723993,80.44538101248281,99.20612462176217
71.26248313538436,126.56390750859302,79.35423258769943,99.45287776551706
74.10160898630711,114.68006190588838,81.32369378877854,97.97131676250241
80.52745872681331,110.43741577567717,71.69075816390875,99.6834579486729
69.54808996361527,121.65863522653537,82.75394307051366,98.02421431014072
76.83798619903357,133.29141282745553,82.97711578381862,97.5652093532501
75.17204943240759,119.51655376220181,82.22426719093254,98.06478573929391
65.01893679814467,113.9189874304831,79.98118591427487,98.94486000199306
63.910307442034245,124.03896020835974,118.31357328868637,96.3855390273001
68.4751818107279,139.3671246240255,91.91042374989038,91.72470533440641
75.14467746297427,105.48094470568253,85.30357499671085,98.29740566031687
69.63856496219998,123.82202787785293,75.6993556185377,98.36308466523855
66.99671221171106,122.05086625231854,70.05365266919358,97.63156365667709
77.7612159002428,131.61533803559118,72.29721014064653,98.48878574264347
71.43452244001674,129.90909173684844,81.57012845910302,98.29212161795087
58.39702862104629,118.13290888190221,81.86438004426219,97.4080918865276
71.58580313146345,103.15482744575117,84.43146597310734,100.18159862893877
72.60020307285434,128.0656376789626,79.72370502135173,98.43955020603131
71.12804327235551,111.64807309808516,72.49835812010714,97.66881664982617
72.24856050115996,110.5325958904281,75.90747929703161,97.42828096652156
69.6636219553851,131.48350580691127,84.09419686299674,99.02940891823091
63.408020651776326,110.89149622361347,57.419328404454276,98.10205979106406
68.14647998389773,134.02844740100244,83.24914817339989,100.54811269781518
65.27192102221855,123.35844721405313,82.1739440273052,97.56407587704791
65.33629544602812,123.19118400086282,78.97519724134852,96.75739306154772
63.684658254488625,123.07264780505591,79.12996581245983,97.9723015411664
72.26244546319823,103.61576374258208,89.2855113487793,98.17506745883745
70.48948072706314,102.23611383653424,82.07337133304611,95.8815493653597
67.75917318659646,122.15553053788685,79.3570622484182,97.69083148561852
66.75331036134806,125.6800735922642,82.27709995468405,97.6315845586124
69.88288447489273,120.82611032156201,81.11452909812137,97.63123646379445
75.39597364056245,111.78465482980472,104.69488823048985,97.3697742523694
59.97892142250542,120.18922103882194,83.25042257186158,96.65680745691157
97.8172531343758,119.17965846854516,89.10469637044838,98.75803805142176
67.27144012991108,110.4284190172459,76.09860065804968,97.41615915601032
60.57707077510276,130.13972154112162,87.27017874419583,96.97629854759914
60.27148458418021,102.69723938449914,78.71565151334042,97.24006573218209
65.43608252932354,125.88742406807506,81.46735698824911,97.52767676025304
71.09754777896522,123.84323405211245,85.35180008486587,98.10864712471303
71.96531466990047,130.09711854811715,76.39999284354596,98.66833898636048
119.99609514819525,114.49312841622,86.21246956409236,97.04682050198493
79.32471659190395,121.01407146668211,73.9289135932033,97.52070260244557
77.11491748258052,92.37047032267716,75.62422625543041,96.65449227198002
71.9804329247828,126.62074288999706,77.03239841326237,94.60770000657763
67.04298666095944,121.00581208728963,83.31002683225951,98.15579393073159
75.62209592255184,125.39161274114197,78.29562794715265,99.52000351750074
73.77697847831669,170.46979941541198,72.40012770207066,98.52208325335282
74.33703705677459,141.9089801323984,78.91733564075086,97.492940043857
66.71768162514235,129.8363619578918,76.07889308732808,98.09647914260523
55.827227473626486,109.0085597815587,83.65646810420185,96.82517989900494
80.58395510741838,122.52331431384522,78.28382472772448,97.87770764196742
61.94560798275033,116.09202003918986,80.35387037950326,97.57229074694243
69.8211596406989,132.09850126410305,77.97263771429664,97.14728576793262
81.90372675609875,105.93895228608989,82.16969484115144,98.40565222980466
71.65288378137187,103.95261470139013,106.09274653155819,100.59986716437906
74.74623236779118,134.58714749675994,81.62599357343532,99.66544950643471
62.488017153091434,141.53119792570584,67.03305717629145,97.9279269786779
119.84970385182372,124.68304907689591,80.48625438488894,98.88411465471586
67.33648604010223,121.12737941235737,82.06956835055117,98.86270743406962
75.4537486721725,126.57267690304778,79.00359972542704,97.35246197431418
68.26875276176345,113.5294647361724,83.3469623569627,98.64390407350062
66.0268183946425,121.71243545152213,83.6930351449641,96.55900790149384
70.98983644972483,120.38908705856215,86.52106945924751,97.19470160814842
75.40967609238632,126.2656425074536,80.52405804036141,98.23875287040613
78.74780624063558,104.42001471816604,70.4309964766501,97.58521233764287
63.94728502938324,114.92965230234662,65.48489928447091,99.75647864303022
106.91848482408784,128.44995603000837,71.99079523962742,98.64804043455534
75.47319187356045,113.24406172369937,79.81046469407931,97.61796187883402
71.17410762974366,110.06638624576864,98.66976725086626,97.52942028688652
80.66076705285222,140.42072149826953,81.38119926009986,98.18697060821329
74.68222862915557,120.38118000179401,76.87377038721414,96.94446871135781
69.82452411565164,114.21081860056792,76.31754414247126,98.59561195329455
76.32538919044383,103.07629562525892,82.77523971205217,96.62469805005452
71.05748506365939,127.29346346280425,83.27962205686251,98.62301019596075
66.47539323746278,126.99136153718693,78.7167493225976,97.83540526801958
73.39987422122552,117.01240399430064,79.80761670880523,98.41461351809126
66.51836673069458,108.9776980909291,82.02157171664496,96.98741407466204
68.54801449598067,119.7545057635762,82.52171787581497,98.24498520708812
76.63891347978992,111.64143932518378,74.2800965020063,100.41234774151265
69.493592568913,110.57906411126885,76.40213072041024,97.54278324753933
65.98429306329186,147.7818465092538,87.4021724823386,98.31739986032902
67.67831154282254,109.48609601339936,77.46546692581585,99.50556694975731
75.10895292794336,122.46648955252446,84.06166794670915,98.76170414486013
67.23729663291635,126.07992509406397,82.73135933471883,98.43188548414463
68.06564576574677,111.60367552826808,74.5095101981872,96.98631072747881
67.44853630183185,106.3175490466161,82.56133363412991,96.72241162770335
70.91962747170155,135.61279598955807,80.42921552671226,98.05343244068246
68.07255119812196,110.59729764042795,77.53036646457039,97.5367641446868
61.990819755137316,113.40057294897662,72.96770172448184,97.9809417862247
65.5640952907748,122.13017167429888,79.12588314191116,98.20565667401952
65.3360547924678,125.99369372522297,83.39972003057977,97.32357216115712
76.21659692227577,117.43683106310357,69.18451175801937,98.49410302601392
74.06337021054522,124.60794327701255,78.01938401124275,99.85855618859111
72.93629689699912,115.990138421036,84.82835473986238,99.33523583042229
67.47320841367795,110.2882933517561,83.36318359284047,88.71672635081755
65.92104229003014,134.26316860787028,81.29916247501738,97.95038934132
67.46241199171321,144.88441614331128,76.31407415214542,99.26604137573953
64.74059948724162,136.9596953301417,76.60835081063016,96.8136179993183
82.48600195793503,121.41806639153454,79.58355802150018,96.93485189561592
58.77339175814299,138.3343536181568,88.01431814688569,95.83633898718364
72.82004267536905,123.55703515723984,82.32794595447466,97.55963778678615
63.57723851003736,133.20390893435183,114.3756003250605,98.68014576602184
69.47828254252654,124.66379574381979,85.88393481191932,99.06522470897814
65.05999028753132,119.05607493588815,78.53702896420954,98.35715366130773
64.11185518758684,110.16881816254292,88.48673240506974,97.39904302061754
64.29901849532519,111.01678028567984,85.01128639755441,98.70647161370238
78.77493076871029,128.02051738740516,74.98367121548056,98.20431859061611
69.33505788845204,101.53468018335327,80.87314788906785,96.07929440107007
66.17148902760957,126.04136740442684,84.91163491900149,96.77190516738446
101.22537348819985,103.70416397251562,85.18722398365455,99.5118653051963
70.05174657283149,98.78823555097564,80.79595883334406,98.32220508297527
73.60016879670826,101.61153396241502,75.05951656015695,96.62520561149142
60.87871672031085,139.6676397193474,77.47329639051057,98.81995310806178
71.51801952231001,118.03766035056458,69.90859065822892,99.06143495976264
73.8634741855119,120.8658318016542,75.4343923121559,97.56496597054031
61.69200854442718,134.1925504591095,79.10771592551369,98.65768209638678
72.24097642211656,132.3409818918169,81.9450107032674,94.25989936204822
78.4809078641408,106.0849473059578,78.3027283926761,98.97357679518815
69.9257114832265,128.6900634281876,79.7151047251113,99.17515539191987
74.10702968512406,121.84181264703547,78.01907277625091,96.87529728523627
73.35285225155455,116.5832190240412,83.75512652094885,98.28208539951531
66.46247151244711,120.24290914137781,75.50443530786731,97.66187945695256
70.19883367293248,133.11314503279164,84.18773957073164,97.89747051922917
62.165026445691986,111.14033517959047,89.80440406256955,97.57511955546494
67.74348481448737,124.00885679104121,82.36394828010965,96.66770453314518
71.32843987483118,119.90342763467092,77.36454194887979,99.89040370308166
73.61550246868899,102.02835384604381,77.31864927956607,97.68968915042079
70.12306062623956,111.97746828269189,86.04918611092049,98.10475504426223
73.59991865071582,121.93213553233697,74.36705287064001,96.99059941974856
64.48546893522315,132.9734208909289,75.23097789863718,96.96313283887565
69.49151362722564,130.0133101734673,74.17775773064767,87.4589210024063
70.09639692256539,125.97212504403424,73.60743079739657,98.52639208015111
79.24795623339818,111.84724338863542,74.77591840310072,98.87792416932474
68.92916671899958,138.01213990808535,83.94952470892747,99.1037740024937
67.50491681002909,145.97213308094396,85.51141282294012,97.78979245949924
70.10675611921775,109.9363447832145,76.51463463819908,97.55579693600706
65.40443277565028,118.17095019143049,81.03667023022845,98.74681383284893
76.54256143984067,128.9624842535616,83.79578337554118,97.36256079656957
68.17472391726871,120.07617498318159,80.50282101548582,98.87175849589784
61.04336225979408,128.8686468658276,75.22528621191381,98.37450028724228
69.7070672443307,131.0369395746215,72.6479913243096,99.1550264345835
97.30060181500106,124.00530684598706,85.05213776562755,98.67039168884783
61.837883489660086,111.42297376953105,82.48089706144191,96.94555417610884
69.66432922692739,121.35454663189981,82.88477946699327,97.13436635841397
77.4467798103724,120.4516585593883,74.46176549549484,98.73248529700739
72.60651874137857,138.59346333851627,81.17488596444527,99.90705584241778
73.0596359636558,103.7367806217317,83.1449979372841,96.67718829921698
63.29251637208479,118.65177548905646,91.88810592970552,98.02321160432527
72.38449184461112,114.1590645320508,76.27488391596155,98.28167455748049
70.74224790690039,123.35105620195999,85.06130255032667,96.47422248813446
72.64522619167215,95.62435640800643,72.36184025910613,98.47812499636301
72.11314310854412,131.1492455949028,84.64370962403471,97.90687720795256
106.11656707423165,120.13748487335533,85.40527972043537,95.90344251878435
69.79299594221017,101.55298836371954,87.86165158767612,99.6217279782496
66.21064569787417,116.38886865260133,78.28753904874779,97.13679178092893
69.7495795285759,126.08962341654524,75.00284991719239,96.71749658570496
65.51299536549085,104.08552124541968,83.9694018115419,98.42014162221169
76.56235183570499,120.03222216443156,76.50392360456513,98.5574867959049
65.70513805777829,109.4252635219847,80.21997755721995,96.99082102117363
65.50528921767233,114.44014968121033,78.41268891419963,97.61399663779069
70.37293203271777,120.26738382674637,75.48964014293458,89.7213887860069
64.61450465298003,121.83450253581576,81.60499733092446,97.26919323682614
67.87668348783568,115.29257501817273,81.26082892961647,96.68980269436778
65.85017701231018,122.72796389530264,82.9610284082202,99.07913064905424
77.05586031944806,128.17977607254807,75.16534455771632,97.8972373149822
73.92901913415587,117.2108572489676,71.34134326766036,97.81768574457705
69.71265240767303,134.3156775744929,79.74946270604853,96.00073240800467
68.04391473912992,133.27465539407004,82.15816926405611,97.82162889571967
74.70458807287557,115.71297934414171,82.88467298526612,97.15750550290855
72.02602040161445,113.62159443526416,84.0917686541358,97.82538634685018
56.028766093937634,103.35827014833826,68.23179800154793,97.78075584814313
69.86903881327875,118.7343066836061,74.97427784521665,97.55353520866704
61.55884986114284,116.36562219883949,80.53326147251516,98.93883864291114
69.43767008720224,127.79051220132992,87.59501639968073,98.44705415232416
67.33755040395467,104.90338393931701,83.91872246837364,99.12715451447154
73.22527636729939,117.2260860825689,89.50670025924056,96.67517263004028
75.05921216497094,129.68744393111146,77.37530288543,97.35104407255218
66.71024477619416,112.6964290444204,81.37208497641004,97.95971918167771
72.34192617138525,112.37638463272391,74.50014596215347,97.59336103009656
78.67939498842857,105.53059665244191,77.97823890188,97.92074227450327
66.6614363971472,146.2057384601824,76.32352140858514,96.81789660069168
78.40960870036568,171.48268532904007,76.83005670341639,97.28382194273776
65.73707076414676,106.9965316778166,78.03275439407169,96.35844604514799
57.60136759528275,111.9614959596848,80.01358769945341,93.8525077047432
69.9442719407908,112.25704919513196,65.65451301651363,98.69417672039201
70.05749449935031,117.3061022154876,82.71726719791363,97.78579311523404
65.81160979046027,128.25372232087514,80.6999423369343,99.5057532387575
67.04408448117785,117.01676831004167,78.27977185575187,97.40446612569433
66.661398568203,110.77176685003172,77.38710729234026,98.11907108087233
71.63481297702229,105.48661501808975,78.46434139920657,96.78674766984759
71.65017557255156,120.21857358219872,77.75481429276518,100.6006718704174
81.1297216586913,120.42539074029791,106.98776552058374,97.82137940129954
76.8549450314556,135.30932351028824,84.32762595335632,98.82962984029942
67.45078378930761,120.92447735469808,86.37022268973543,98.41338502086715
71.62434807898093,119.00991688715922,76.01148620029791,97.41612118516072
74.9855899039588,109.49346163412511,82.34686112669375,96.66909871846431
70.15300912169259,116.94047424901608,73.02660179203662,98.1561431245388
69.65179210776532,115.61525541965393,81.8658735912629,97.44321025563667
70.25787471384945,116.29835835486297,85.41336141045532,97.84449569850827
74.33638314404214,110.40744607359412,79.25205249166503,98.65130205879738
65.75839738597384,125.38329603276176,85.36318023629437,98.07824115584037
68.37165265589913,118.5755458249063,73.37560021674904,98.3771162973686
72.3521657242324,117.99646519995012,75.55677358454182,98.15004657605577
71.55723535777078,102.85953883951004,79.32095078678157,96.53275066734949
71.19791379928196,124.93644087524864,85.11105177292912,99.39606219570133
68.15099416848098,101.92293295961426,77.91285271829005,99.17585229643475
74.86267894571269,111.60870597157786,77.73223449545613,96.86383514574328
80.66934123602269,129.90121383879193,75.0418582081099,98.50530061142717
72.03207746838103,106.35241769917567,81.01440522221311,97.33797572983815
69.0341164922508,119.7813009121092,86.23347570447218,97.25308366293673
73.77870144447272,117.28792660109836,83.50340054546847,97.99515833866495
67.30433681623505,106.82825211194205,83.48325327168132,99.7476682304977
66.25154827648552,121.89702612079996,78.96512762538168,99.05795756148189
70.16404373806856,137.0257015224179,77.18345320368043,98.60522135833186
57.086016835150275,120.67634230066919,83.38622958208185,96.84939436424595
64.23024818173995,115.3697824589095,94.16627687694992,100.55444941875137
68.26019072039577,124.47024156885678,79.13195882140309,98.87373104566068
63.233055709261436,121.05719995467155,84.49120311201808,95.65116258008489
64.83678449053936,120.27762131625501,79.01106274163635,98.3994743352085
67.81625831270996,115.74457787228552,75.81111870307397,97.51130528408191
55.84822159149441,134.21975559292466,84.54594247665483,98.40998235594897
67.96964101870084,124.56363363480786,80.40359945216933,98.40064036680953
67.32364917733578,114.71329341064512,74.81485328075654,97.0814809235299
70.12702604192508,118.91996163219042,74.43547052564192,99.8258857523077
75.7709201524701,112.59133295795928,80.47705937913433,98.19978462141943
70.86252208246432,95.5779431466777,91.68704830739138,98.94134790651042
70.10531010671032,113.59274275809801,78.03589698226895,99.3514235647482
70.49727228515356,108.65688406277772,78.3186307045721,97.26184240204802
71.13696387560564,127.77276963767956,87.61885598808527,97.08823151519347
64.91630675695116,117.08958536726975,79.71359400104743,99.12190734884777
69.42612337614601,105.60867419355057,72.75766568376005,99.39283743275686
71.54375620918307,113.29874102272703,72.13601773725914,96.62298142920886
63.1462000872847,119.39637505607661,86.1333198689374,100.01124318615766
74.32826461407927,112.8895940320889,83.33177271125095,97.76449668566615
119.71942092042976,133.4580955957364,84.13062854215596,98.69178452851239
66.84312005775305,117.51580693294962,79.71121720810643,98.56438820910472
68.79331104273447,112.69126414048614,76.36643987008601,97.02865768016667
65.60904828594964,103.58296771190216,78.91418442137916,97.13595186105277
73.49690241793908,122.75666549340774,80.68015608687189,95.91640766070508
64.69388856277045,98.3114347806191,75.80844422150649,96.84884986437343
68.8876149487854,119.84220782879005,82.80724954775563,89.77920782902937
65.70540046096164,115.08269891986473,73.7020191560014,98.04019051577029
70.25477138505644,129.54189580898765,78.33620617712388,99.36940215272209
61.0288536425514,112.49472739338876,78.97996063761748,97.97285506933352
76.63230821182847,124.47212087454831,76.54490093412316,98.33885416218274
65.17696787896868,113.8387887667652,68.9724732249009,98.77800354336793
70.29947341558137,124.6629004355019,82.23934832055626,98.6797094410203
68.93738477614845,137.14831608676042,76.22124619779866,97.61416849988849
66.1894274403875,111.67813965849938,86.62853979662185,96.5366549391665
65.56109931682032,121.72339139229189,78.29008861157973,97.57019448995935
74.6819927177623,103.50783025582868,77.2932020578439,98.0629593552639
67.3717970344903,133.98562092125536,80.45760973389439,97.12835478722918
71.35585092318655,116.02087901409159,85.26719874315224,98.36196071070106
65.99251557302813,127.82578880841977,77.18296168440915,97.70728790405786
30.191285533487495,102.76771749283677,85.07368847414888,91.14519197438457
62.0881072536526,137.97539387125906,87.20151820508812,97.19676052381517
74.65204248055558,116.43128471974401,84.95161405327973,97.07803234069061
69.1234179883649,125.45657323470027,88.13215745496129,99.77405633770394
62.89040064179782,121.50818206332593,86.46323010506234,98.02875623771368
79.98978039875003,117.44529213812231,87.57441146946503,98.55296384939554
65.71725345882895,136.85792302659303,88.02163159707821,96.90157774710785
62.29206300164106,103.5195379363382,81.04034764814982,97.62273554451788
82.97212293884076,122.98713659992009,77.853880502139,98.68216948280761
67.97983853074531,129.1064567222997,68.68878182378097,99.56561585964609
62.69133655869296,119.70143878363633,73.38633440239101,97.27551492520045
66.5828011660566,112.65300503101905,77.75858600420602,97.19708258856103
71.83772448011135,176.95987311280504,78.09132456379717,97.97733105965565
70.9515577879697,107.72363579589592,79.23602768298957,96.47560485025114
65.74135401373205,120.38127384094935,74.99619754875624,97.96986669352238
79.1136180006398,125.12717523472399,72.02111194279342,97.93527161538461
67.39210161003314,120.68599227480661,79.34888416766637,98.72474915032926
64.07656704794223,117.2772389885492,79.05291035594105,99.41460974268897
74.8034669923033,115.10274977626973,75.96222979225067,98.56984431780009
80.32963644977163,117.20703330721628,76.28923919174808,98.74155105095969
65.91253451191886,132.57744217496037,75.29921704063797,98.0522789511343
62.99326353480345,99.13365020579457,78.01738130491842,97.64025542352384
75.15219133707802,120.40071456547776,75.71848586502374,96.00402313084324
59.76338193471019,116.72245082703583,83.61580239653776,97.11377918082539
63.866891703016925,134.55807951836843,81.20498366022561,98.21726668469333
74.83723075025118,120.55492225443803,75.13841040986742,96.35440627621001
69.72323725988805,134.84925598699954,78.59776109266272,98.24288982278327
68.68031325703656,98.76109981954441,74.09857196824404,97.59916528973204
71.76408303247189,124.59584904834057,85.06084147587394,96.97844014741831
69.23612788227295,122.8005786003768,86.9209336229041,97.529975683345
63.50656638918455,133.90533967073938,86.26000991376516,98.7287815212616
76.38037673003093,103.58651391176971,74.27653684378701,98.88550110961948
76.62507026443407,118.44964191881674,79.54366490136913,96.06297859255076
71.0266628188898,120.66060261786492,77.99214662243543,97.85051598785132
70.22567007716005,115.04204505454791,82.8100655295709,98.91388465828351
81.69812403010029,132.16577713742942,74.96045098358051,97.74210514039065
68.61783577492082,116.61317814554603,76.62054152999492,98.1088152709142
68.7021150908298,140.34762544021154,77.93391485824095,96.50458912473972
71.82240624620253,130.54177908938922,80.76644234566211,97.51996634318171
77.3566097807117,129.508336970038,83.47064354068944,99.82877542938823
77.96385377208742,125.59298981390884,78.35636153631697,97.21193196548465
68.70713684161615,109.36304408974452,83.3198253776311,96.55936765680399
71.54165622979673,115.68903662489242,84.11038178398569,98.1494717585584
63.109582664679614,161.88390528446013,58.253187965973154,98.78862933306574
68.44011946041894,126.77557033587718,73.77170933567201,99.19381049062525
65.79854802260347,133.07183845081258,74.14404832282929,97.48227735787474
64.96584123850508,115.32558990374093,82.95863487575784,98.22247557662872
78.40788358133663,111.39846615075336,77.61887781842665,98.54435487828539
66.03856669096928,128.59104192785531,71.43685338658773,98.64921052783421
67.34197045994273,111.90373423959888,83.064761840915,97.45279725599046
71.82924393958429,128.7331183607041,80.6477726027311,99.71272493089569
76.48912633486793,131.99736176415038,72.97016459428686,97.31270297744926
72.40557563194417,124.56153035827056,85.89709990601322,98.70787215869314
83.79677557010791,116.42420968031402,84.18317993578874,96.21443267868392
69.62666010874425,120.4108222614388,80.6937262564509,97.41278143597548
71.29358220114872,125.93465919603238,73.62840316132791,97.35714870103743
71.37800336992028,120.10185518712073,72.98834733557358,97.41365308907977
43.07179248612637,141.9829633867049,78.46465756579282,97.5531289349467
72.53619475554808,120.12293374593133,78.74022106502645,96.98111440064409
69.41885149806426,109.97331412630209,82.02540136592242,98.69740970321178
65.2625570254656,110.23104613264675,72.94588343309832,97.29648468437978
71.22221727980816,114.10420077454785,80.82456364627349,97.3849791512995
77.0067241564598,98.2106847980509,78.55934273636637,98.48869059120824
67.94809103171065,113.70349573059819,83.55892634048521,97.89203805686635
72.64471809208291,113.46715298072111,75.31026202369256,96.57809636472109
71.23073894342421,120.78514025174177,81.36864724762361,97.06399050145573
74.31759829190658,124.17800583206082,73.02579903582678,97.80344275557901
65.97623129681065,107.59783663592229,83.97774775884703,97.42501216263253
81.7332351526328,129.0005424276407,79.42519116861253,87.21825328009746
63.60419446485871,138.02242229790548,82.47925334482716,97.23559797100918
68.17224455006982,117.91714896905003,73.39737326585984,97.03287292895679
74.69046270452823,135.74371237475572,82.49542137835883,96.98945379122138
71.48366586247057,121.98989494405188,81.53101698151855,98.40665724695764
74.14993079540551,139.8873191859539,81.81848946356682,98.48347172608574
67.51948833008719,131.1728346568819,81.56316981506993,96.32755541242912
69.62597508659829,104.36095365160233,79.03268058604826,98.6220751965181
70.0611599181941,120.18627370661355,86.20649610157996,98.86097327049595
77.84629807267952,130.54324974904077,79.22051007117149,96.30900223819096
73.45214512191525,120.30546581040618,76.30415399804586,97.30956857063904
73.98336054182336,119.63116469154933,79.70636903315531,99.42889242435798
66.71036953731603,132.69764750314303,75.24741027277734,99.00610170602525
74.84441319281525,112.90145817853896,70.47015800484505,98.02479265925105
71.12790831784402,120.17515613278218,79.113766919053,98.50124939628944
81.18992264689261,123.23625764609119,78.1022293967707,100.11201962362007
80.07030077459234,116.66209039646436,80.99698536402742,98.50279697345262
68.46617111986498,119.79870896122462,89.72880695653163,96.77919113858111
67.96848434777469,127.7502326322417,101.60922094758281,99.36493899960082
65.67977504448815,124.32837621499993,85.36150323644046,97.12906110937539
69.2821024414184,111.91282468020466,77.48145281315881,98.99390223584784
68.08987275524808,108.95876014200738,77.06491855747426,98.65627066095689
71.79752199785506,112.1089781974335,78.10910976553505,98.88951355300576
69.27716591533132,120.01248455788486,84.26444548634439,99.54093297540916
68.19200359609191,118.40060212242958,69.2594076088455,96.53408567149205
75.32292568063926,111.68042506782875,74.83417612354316,88.9978967683906
65.31059884424275,114.01849547483513,80.5116792341711,99.94604950254588
72.16553976575672,104.79960714807936,78.87953816468536,98.97638174451994
67.97029136405759,124.17853703217327,89.83864841071522,98.17715833734131
73.62184252434982,119.59981274648366,82.23841607871329,96.97682686997105
102.79507109844482,107.4021265659473,76.6890427823476,86.9178621668275
68.48450873287963,120.28620504187784,72.11196465730326,97.08811870145598
72.20516453636576,133.42622010510354,78.29719982531068,96.53163304353558
70.8939643286659,112.6006414703474,73.48389958660793,95.74444138562362
66.00288800228452,133.1513766572097,82.33375325209218,98.06530560533835
71.20393754870969,116.76542527516577,80.8055316112084,97.2264871972393
71.44560252639405,121.97828167849867,81.60015966046366,98.39494818896225
72.06435410223088,120.97750802422185,90.39588332397518,97.49611011221185
69.00800551589977,134.01523416005244,75.4626700928985,99.77955908420738
70.47096150155073,121.58433846785532,79.03797896102047,97.96942755563005
64.26194527578433,108.58098580796154,73.93742127755546,99.5770882124701
68.20942962260072,106.89029629558787,79.59700741924938,97.1871978991611
